"x","y","track_id","time"
66.087933,158.97222,"3a",1970-01-01 01:00:01
67.258706,159.25841,"3a",1970-01-01 01:00:02
68.533548,159.28441,"3a",1970-01-01 01:00:03
69.652287,159.28441,"3a",1970-01-01 01:00:04
70.82306,159.23241,"3a",1970-01-01 01:00:05
72.071885,159.44055,"3a",1970-01-01 01:00:06
73.216641,159.23241,"3a",1970-01-01 01:00:07
74.309363,159.44055,"3a",1970-01-01 01:00:08
75.610222,159.54462,"3a",1970-01-01 01:00:09
76.780995,159.49262,"3a",1970-01-01 01:00:10
77.977786,159.51862,"3a",1970-01-01 01:00:11
79.200593,159.49262,"3a",1970-01-01 01:00:12
80.267298,158.81617,"3a",1970-01-01 01:00:13
81.54214,158.03566,"3a",1970-01-01 01:00:14
82.634862,157.17709,"3a",1970-01-01 01:00:15
83.935721,156.26649,"3a",1970-01-01 01:00:16
85.080478,155.17377,"3a",1970-01-01 01:00:17
86.199216,154.44529,"3a",1970-01-01 01:00:18
87.422024,153.61274,"3a",1970-01-01 01:00:19
88.618814,152.91027,"3a",1970-01-01 01:00:20
89.737552,152.05171,"3a",1970-01-01 01:00:21
90.908325,151.34924,"3a",1970-01-01 01:00:22
92.131134,150.49068,"3a",1970-01-01 01:00:23
93.37996,149.60609,"3a",1970-01-01 01:00:24
94.498697,148.53939,"3a",1970-01-01 01:00:25
101.84855,159.23239,"3b",1970-01-01 01:00:26
103.11038,159.03726,"3b",1970-01-01 01:00:27
104.37222,159.44053,"3b",1970-01-01 01:00:28
105.67308,159.50553,"3b",1970-01-01 01:00:29
106.84385,158.94616,"3b",1970-01-01 01:00:30
108.19675,159.50553,"3b",1970-01-01 01:00:31
109.65371,159.06324,"3b",1970-01-01 01:00:32
110.96758,159.55757,"3b",1970-01-01 01:00:33
112.39852,159.27138,"3b",1970-01-01 01:00:34
113.64734,159.67464,"3b",1970-01-01 01:00:35
114.77909,159.76574,"3b",1970-01-01 01:00:36
115.94987,159.76574,"3b",1970-01-01 01:00:37
116.52224,158.52993,"3b",1970-01-01 01:00:38
117.62797,157.34614,"3b",1970-01-01 01:00:39
118.33044,156.73474,"3b",1970-01-01 01:00:40
118.30444,155.26477,"3b",1970-01-01 01:00:41
119.48822,154.69239,"3b",1970-01-01 01:00:42
120.59395,154.22408,"3b",1970-01-01 01:00:43
121.50455,153.82082,"3b",1970-01-01 01:00:44
122.3371,152.8842,"3b",1970-01-01 01:00:45
121.86879,151.46626,"3b",1970-01-01 01:00:46
122.31109,150.42557,"3b",1970-01-01 01:00:47
123.2477,149.54099,"3b",1970-01-01 01:00:48
123.92415,148.86454,"3b",1970-01-01 01:00:49
125.52421,148.52632,"3b",1970-01-01 01:00:50
135.91806,159.75273,"3c",1970-01-01 01:00:51
137.51811,159.53159,"3c",1970-01-01 01:00:52
138.96207,158.84213,"3c",1970-01-01 01:00:53
140.21089,157.86649,"3c",1970-01-01 01:00:54
141.56379,158.69904,"3c",1970-01-01 01:00:55
142.81261,159.73973,"3c",1970-01-01 01:00:56
143.89232,158.66001,"3c",1970-01-01 01:00:57
145.29725,158.55594,"3c",1970-01-01 01:00:58
146.429,157.37216,"3c",1970-01-01 01:00:59
147.36562,158.28276,"3c",1970-01-01 01:01:00
149.13478,159.03726,"3c",1970-01-01 01:01:01
150.46166,158.51692,"3c",1970-01-01 01:01:02
150.77387,157.09898,"3c",1970-01-01 01:01:03
150.81287,155.44689,"3c",1970-01-01 01:01:04
151.71047,154.22408,"3c",1970-01-01 01:01:05
153.11539,153.66471,"3c",1970-01-01 01:01:06
154.41625,154.80947,"3c",1970-01-01 01:01:07
154.74147,153.43056,"3c",1970-01-01 01:01:08
154.61138,151.93457,"3c",1970-01-01 01:01:09
155.28783,150.78981,"3c",1970-01-01 01:01:10
156.52365,150.4646,"3c",1970-01-01 01:01:11
158.1237,149.91824,"3c",1970-01-01 01:01:12
159.07333,148.52632,"3c",1970-01-01 01:01:13
160.37419,148.045,"3c",1970-01-01 01:01:14
161.70107,147.05635,"3c",1970-01-01 01:01:15
169.40217,159.31044,"3d",1970-01-01 01:01:16
170.45587,157.19004,"3d",1970-01-01 01:01:17
172.71936,157.35915,"3d",1970-01-01 01:01:18
174.68366,156.26643,"3d",1970-01-01 01:01:19
176.4138,155.04362,"3d",1970-01-01 01:01:20
178.65128,155.05662,"3d",1970-01-01 01:01:21
176.97317,156.87783,"3d",1970-01-01 01:01:22
175.55523,154.25009,"3d",1970-01-01 01:01:23
176.76503,156.13634,"3d",1970-01-01 01:01:24
179.01552,155.70705,"3d",1970-01-01 01:01:25
180.83673,156.73473,"3d",1970-01-01 01:01:26
182.51483,158.15267,"3d",1970-01-01 01:01:27
183.86773,156.70871,"3d",1970-01-01 01:01:28
185.07752,154.96556,"3d",1970-01-01 01:01:29
187.09386,154.23708,"3d",1970-01-01 01:01:30
189.09718,153.06631,"3d",1970-01-01 01:01:31
190.58016,154.86149,"3d",1970-01-01 01:01:32
192.64853,155.49892,"3d",1970-01-01 01:01:33
191.00944,156.60465,"3d",1970-01-01 01:01:34
192.68755,154.5623,"3d",1970-01-01 01:01:35
192.83064,152.12969,"3d",1970-01-01 01:01:36
194.61282,150.55565,"3d",1970-01-01 01:01:37
194.07947,148.53932,"3d",1970-01-01 01:01:38
192.05013,147.25147,"3d",1970-01-01 01:01:39
190.13787,146.11972,"3d",1970-01-01 01:01:40
66.771428,192.59619,"3e",1970-01-01 01:01:41
67.958029,192.69738,"3e",1970-01-01 01:01:42
69.08944,192.71578,"3e",1970-01-01 01:01:43
70.156462,192.94574,"3e",1970-01-01 01:01:44
71.361461,192.92734,"3e",1970-01-01 01:01:45
72.465276,192.89054,"3e",1970-01-01 01:01:46
73.605886,193.1941,"3e",1970-01-01 01:01:47
74.691305,193.1941,"3e",1970-01-01 01:01:48
75.850311,193.04692,"3e",1970-01-01 01:01:49
76.926532,193.03792,"3e",1970-01-01 01:01:50
78.048744,192.93674,"3e",1970-01-01 01:01:51
79.207751,192.90914,"3e",1970-01-01 01:01:52
80.34836,192.90014,"3e",1970-01-01 01:01:53
81.341794,192.93694,"3e",1970-01-01 01:01:54
82.583587,192.93694,"3e",1970-01-01 01:01:55
83.687402,192.93694,"3e",1970-01-01 01:01:56
84.846409,192.93694,"3e",1970-01-01 01:01:57
85.959424,193.00134,"3e",1970-01-01 01:01:58
87.118428,192.93694,"3e",1970-01-01 01:01:59
88.203847,192.90934,"3e",1970-01-01 01:02:00
89.408847,192.95534,"3e",1970-01-01 01:02:01
90.439074,193.2129,"3e",1970-01-01 01:02:02
91.570486,193.1757,"3e",1970-01-01 01:02:03
92.775485,193.1667,"3e",1970-01-01 01:02:04
93.916094,192.87235,"3e",1970-01-01 01:02:05
100.75583,192.73602,"3f",1970-01-01 01:02:06
101.89408,192.46284,"3f",1970-01-01 01:02:07
102.92827,192.81407,"3f",1970-01-01 01:02:08
104.03399,193.04172,"3f",1970-01-01 01:02:09
105.17225,193.49702,"3f",1970-01-01 01:02:10
106.28448,193.24336,"3f",1970-01-01 01:02:11
107.44225,193.73768,"3f",1970-01-01 01:02:12
108.55448,193.458,"3f",1970-01-01 01:02:13
109.69924,194.17997,"3f",1970-01-01 01:02:14
110.79846,193.70516,"3f",1970-01-01 01:02:15
111.89119,193.73766,"3f",1970-01-01 01:02:16
113.03594,193.0352,"3f",1970-01-01 01:02:17
114.14167,192.80104,"3f",1970-01-01 01:02:18
115.26691,192.5929,"3f",1970-01-01 01:02:19
116.43118,192.83356,"3f",1970-01-01 01:02:20
117.53041,192.81406,"3f",1970-01-01 01:02:21
118.66216,193.04171,"3f",1970-01-01 01:02:22
119.77439,193.04871,"3f",1970-01-01 01:02:23
120.89964,192.72349,"3f",1970-01-01 01:02:24
122.02488,192.5869,"3f",1970-01-01 01:02:25
123.15663,192.81455,"3f",1970-01-01 01:02:26
124.26886,192.81455,"3f",1970-01-01 01:02:27
125.3811,192.81455,"3f",1970-01-01 01:02:28
126.48683,193.75117,"3f",1970-01-01 01:02:29
127.64459,193.4845,"3f",1970-01-01 01:02:30
134.68874,192.02705,"3g",1970-01-01 01:02:31
135.52129,192.81407,"3g",1970-01-01 01:02:32
136.84167,192.81407,"3g",1970-01-01 01:02:33
137.88886,192.11161,"3g",1970-01-01 01:02:34
139.07264,192.81407,"3g",1970-01-01 01:02:35
141.5898,192.37178,"3g",1970-01-01 01:02:36
142.65,193.54906,"3g",1970-01-01 01:02:37
143.8533,193.0092,"3g",1970-01-01 01:02:38
144.9135,193.50353,"3g",1970-01-01 01:02:39
145.63547,192.48235,"3g",1970-01-01 01:02:40
146.54607,193.26937,"3g",1970-01-01 01:02:41
147.76238,193.23037,"3g",1970-01-01 01:02:42
148.5494,193.95234,"3g",1970-01-01 01:02:43
149.85026,193.95934,"3g",1970-01-01 01:02:44
150.44215,192.97719,"3g",1970-01-01 01:02:45
151.86009,193.02269,"3g",1970-01-01 01:02:46
152.62109,194.16745,"3g",1970-01-01 01:02:47
153.95447,194.16745,"3g",1970-01-01 01:02:48
155.15776,194.68779,"3g",1970-01-01 01:02:49
156.4196,193.96581,"3g",1970-01-01 01:02:50
157.51882,194.46014,"3g",1970-01-01 01:02:51
158.7026,193.92028,"3g",1970-01-01 01:02:52
158.58553,194.94796,"3g",1970-01-01 01:02:53
159.87989,194.53168,"3g",1970-01-01 01:02:54
169.31762,191.188,"3h",1970-01-01 01:02:55
170.03309,189.41232,"3h",1970-01-01 01:02:56
171.24289,191.71484,"3h",1970-01-01 01:02:57
168.43954,188.80092,"3h",1970-01-01 01:02:58
171.70469,188.54075,"3h",1970-01-01 01:02:59
171.95186,191.29207,"3h",1970-01-01 01:03:00
174.71618,190.78473,"3h",1970-01-01 01:03:01
177.55206,191.25954,"3h",1970-01-01 01:03:02
178.25452,189.30175,"3h",1970-01-01 01:03:03
179.01552,191.59777,"3h",1970-01-01 01:03:04
176.84959,192.93115,"3h",1970-01-01 01:03:05
178.76836,194.01086,"3h",1970-01-01 01:03:06
181.03836,192.92464,"3h",1970-01-01 01:03:07
183.08721,191.38313,"3h",1970-01-01 01:03:08
180.97982,190.24487,"3h",1970-01-01 01:03:09
180.83022,187.72121,"3h",1970-01-01 01:03:10
182.28068,189.65298,"3h",1970-01-01 01:03:11
181.68879,192.49536,"3h",1970-01-01 01:03:12
183.5295,192.04006,"3h",1970-01-01 01:03:13
185.96861,190.66115,"3h",1970-01-01 01:03:14
187.95893,189.55542,"3h",1970-01-01 01:03:15
187.10687,187.50657,"3h",1970-01-01 01:03:16
189.39638,187.51357,"3h",1970-01-01 01:03:17
191.81598,186.42735,"3h",1970-01-01 01:03:18
91.08339,143.57309,"4a",1970-01-01 01:03:19
92.334382,143.95942,"4a",1970-01-01 01:03:20
92.969075,143.72946,"4a",1970-01-01 01:03:21
93.980908,143.55469,"4a",1970-01-01 01:03:22
94.946746,142.95679,"4a",1970-01-01 01:03:23
95.747012,142.42328,"4a",1970-01-01 01:03:24
96.841628,140.70317,"4a",1970-01-01 01:03:25
96.418501,139.2866,"4a",1970-01-01 01:03:26
95.848194,138.19199,"4a",1970-01-01 01:03:27
94.891556,137.16176,"4a",1970-01-01 01:03:28
94.164875,136.14993,"4a",1970-01-01 01:03:29
92.959878,135.57962,"4a",1970-01-01 01:03:30
92.012435,134.79775,"4a",1970-01-01 01:03:31
92.2332,133.52837,"4a",1970-01-01 01:03:32
90.531482,132.46134,"4a",1970-01-01 01:03:33
89.556445,131.41272,"4a",1970-01-01 01:03:34
86.585341,131.56909,"4a",1970-01-01 01:03:35
84.653666,130.97119,"4a",1970-01-01 01:03:36
82.289659,129.26948,"4a",1970-01-01 01:03:37
80.413173,128.49681,"4a",1970-01-01 01:03:38
77.212109,128.84635,"4a",1970-01-01 01:03:39
73.275164,128.76355,"4a",1970-01-01 01:03:40
71.131923,131.17355,"4a",1970-01-01 01:03:41
68.596013,131.09995,"4a",1970-01-01 01:03:42
68.584553,130.48153,"4a",1970-01-01 01:03:43
70.726138,129.5768,"4a",1970-01-01 01:03:44
72.260748,127.54973,"4a",1970-01-01 01:03:45
72.615771,125.91205,"4a",1970-01-01 01:03:46
73.039507,123.80482,"4a",1970-01-01 01:03:47
73.154031,120.02556,"4a",1970-01-01 01:03:48
73.428886,117.84961,"4a",1970-01-01 01:03:49
73.073865,115.63931,"4a",1970-01-01 01:03:50
72.867723,113.77258,"4a",1970-01-01 01:03:51
71.607965,110.33689,"4a",1970-01-01 01:03:52
68.034841,108.53887,"4a",1970-01-01 01:03:53
65.435162,106.93555,"4a",1970-01-01 01:03:54
63.362292,105.76741,"4a",1970-01-01 01:03:55
61.655893,103.31661,"4a",1970-01-01 01:03:56
60.60228,100.87726,"4a",1970-01-01 01:03:57
57.762103,98.941821,"4a",1970-01-01 01:03:58
55.803755,98.426466,"4a",1970-01-01 01:03:59
53.284249,98.632608,"4a",1970-01-01 01:04:00
51.932874,95.437408,"4a",1970-01-01 01:04:01
51.096854,92.448351,"4a",1970-01-01 01:04:02
49.89436,90.134981,"4a",1970-01-01 01:04:03
46.825136,89.848673,"4a",1970-01-01 01:04:04
43.607032,88.085015,"4a",1970-01-01 01:04:05
42.106777,85.40517,"4a",1970-01-01 01:04:06
38.92303,85.0616,"4a",1970-01-01 01:04:07
37.44568,84.626412,"4a",1970-01-01 01:04:08
35.647665,84.76384,"4a",1970-01-01 01:04:09
34.158862,83.88201,"4a",1970-01-01 01:04:10
32.738774,85.267742,"4a",1970-01-01 01:04:11
31.971468,86.836711,"4a",1970-01-01 01:04:12
34.926168,90.833573,"4a",1970-01-01 01:04:13
35.235381,93.135491,"4a",1970-01-01 01:04:14
36.369161,94.922054,"4a",1970-01-01 01:04:15
37.903773,97.876754,"4a",1970-01-01 01:04:16
41.007354,100.2932,"4a",1970-01-01 01:04:17
43.503961,100.85436,"4a",1970-01-01 01:04:18
46.641899,103.60292,"4a",1970-01-01 01:04:19
48.096344,106.79812,"4a",1970-01-01 01:04:20
49.905812,110.45141,"4a",1970-01-01 01:04:21
51.52059,113.93292,"4a",1970-01-01 01:04:22
53.524748,117.39152,"4a",1970-01-01 01:04:23
57.326919,119.22389,"4a",1970-01-01 01:04:24
60.029669,122.81992,"4a",1970-01-01 01:04:25
62.938559,125.72881,"4a",1970-01-01 01:04:26
65.870357,128.16816,"4a",1970-01-01 01:04:27
69.397673,129.70277,"4a",1970-01-01 01:04:28
71.390377,129.73717,"4a",1970-01-01 01:04:29
76.200354,131.55809,"4a",1970-01-01 01:04:30
77.918204,133.12706,"4a",1970-01-01 01:04:31
80.437717,134.48988,"4a",1970-01-01 01:04:32
82.72818,136.49404,"4a",1970-01-01 01:04:33
85.247694,138.2806,"4a",1970-01-01 01:04:34
86.782306,140.09007,"4a",1970-01-01 01:04:35
88.37418,141.46435,"4a",1970-01-01 01:04:36
91.08339,143.57309,"4a",1970-01-01 01:04:37
169.50955,141.64541,"4b",1970-01-01 01:04:38
166.0274,136.62464,"4b",1970-01-01 01:04:39
163.63039,135.42613,"4b",1970-01-01 01:04:40
160.76369,132.34888,"4b",1970-01-01 01:04:41
164.52117,129.09348,"4b",1970-01-01 01:04:42
168.29485,128.55901,"4b",1970-01-01 01:04:43
173.8177,130.2272,"4b",1970-01-01 01:04:44
175.09718,129.09348,"4b",1970-01-01 01:04:45
176.39287,125.36839,"4b",1970-01-01 01:04:46
172.81354,121.99962,"4b",1970-01-01 01:04:47
169.94684,116.46057,"4b",1970-01-01 01:04:48
171.06437,110.19271,"4b",1970-01-01 01:04:49
170.35175,106.1437,"4b",1970-01-01 01:04:50
169.08845,102.96927,"4b",1970-01-01 01:04:51
167.22591,98.288619,"4b",1970-01-01 01:04:52
162.56145,94.644511,"4b",1970-01-01 01:04:53
158.17232,98.887873,"4b",1970-01-01 01:04:54
154.96551,96.312703,"4b",1970-01-01 01:04:55
151.49956,94.93604,"4b",1970-01-01 01:04:56
149.94474,91.25954,"4b",1970-01-01 01:04:57
144.48667,92.539027,"4b",1970-01-01 01:04:58
142.83468,93.284044,"4b",1970-01-01 01:04:59
139.40112,96.507055,"4b",1970-01-01 01:05:00
137.8625,100.60465,"4b",1970-01-01 01:05:01
132.48541,105.05856,"4b",1970-01-01 01:05:02
127.01115,102.58057,"4b",1970-01-01 01:05:03
121.27776,105.38248,"4b",1970-01-01 01:05:04
121.58548,109.65824,"4b",1970-01-01 01:05:05
117.90898,114.40368,"4b",1970-01-01 01:05:06
115.13946,117.10841,"4b",1970-01-01 01:05:07
112.5157,118.54986,"4b",1970-01-01 01:05:08
115.70632,124.39663,"4b",1970-01-01 01:05:09
116.1922,126.79364,"4b",1970-01-01 01:05:10
118.99411,128.04074,"4b",1970-01-01 01:05:11
122.11995,130.25959,"4b",1970-01-01 01:05:12
125.48872,134.29241,"4b",1970-01-01 01:05:13
130.78483,136.52746,"4b",1970-01-01 01:05:14
133.73251,134.43817,"4b",1970-01-01 01:05:15
136.95552,135.16699,"4b",1970-01-01 01:05:16
136.92312,138.34142,"4b",1970-01-01 01:05:17
138.28358,139.79906,"4b",1970-01-01 01:05:18
143.15859,141.14333,"4b",1970-01-01 01:05:19
145.44223,142.73054,"4b",1970-01-01 01:05:20
147.06183,141.83976,"4b",1970-01-01 01:05:21
150.39822,139.19981,"4b",1970-01-01 01:05:22
155.7753,138.22805,"4b",1970-01-01 01:05:23
162.44807,142.00172,"4b",1970-01-01 01:05:24
165.89782,142.13129,"4b",1970-01-01 01:05:25
169.50955,141.64541,"4b",1970-01-01 01:05:26
76.99057,179.05088,"4c",1970-01-01 01:05:27
79.555891,179.87545,"4c",1970-01-01 01:05:28
80.982016,180.40252,"4c",1970-01-01 01:05:29
83.152285,181.48766,"4c",1970-01-01 01:05:30
86.407689,183.90087,"4c",1970-01-01 01:05:31
86.116161,182.03832,"4c",1970-01-01 01:05:32
88.448389,180.77503,"4c",1970-01-01 01:05:33
88.691329,178.97727,"4c",1970-01-01 01:05:34
88.237841,176.46689,"4c",1970-01-01 01:05:35
88.610348,173.92411,"4c",1970-01-01 01:05:36
87.282275,171.25176,"4c",1970-01-01 01:05:37
87.217495,168.69279,"4c",1970-01-01 01:05:38
88.286433,166.66828,"4c",1970-01-01 01:05:39
89.873645,164.83813,"4c",1970-01-01 01:05:40
92.740342,162.68406,"4c",1970-01-01 01:05:41
91.606621,161.77708,"4c",1970-01-01 01:05:42
88.934273,161.08065,"4c",1970-01-01 01:05:43
86.893574,159.36387,"4c",1970-01-01 01:05:44
84.350796,160.54618,"4c",1970-01-01 01:05:45
83.816327,162.06861,"4c",1970-01-01 01:05:46
82.018565,163.3157,"4c",1970-01-01 01:05:47
79.670142,163.3643,"4c",1970-01-01 01:05:48
77.564657,164.44944,"4c",1970-01-01 01:05:49
75.766898,165.30783,"4c",1970-01-01 01:05:50
73.580431,166.27959,"4c",1970-01-01 01:05:51
69.191306,166.36059,"4c",1970-01-01 01:05:52
68.057582,166.86267,"4c",1970-01-01 01:05:53
67.717466,169.01674,"4c",1970-01-01 01:05:54
66.486569,171.83485,"4c",1970-01-01 01:05:55
64.96414,174.11849,"4c",1970-01-01 01:05:56
65.660569,178.83154,"4c",1970-01-01 01:05:57
65.482414,179.94906,"4c",1970-01-01 01:05:58
65.190886,181.4553,"4c",1970-01-01 01:05:59
66.097864,183.30164,"4c",1970-01-01 01:06:00
63.441712,184.82407,"4c",1970-01-01 01:06:01
63.798026,187.59359,"4c",1970-01-01 01:06:02
66.745704,187.75555,"4c",1970-01-01 01:06:03
70.260244,188.11187,"4c",1970-01-01 01:06:04
72.770629,188.45198,"4c",1970-01-01 01:06:05
73.807177,189.22939,"4c",1970-01-01 01:06:06
73.661412,190.65465,"4c",1970-01-01 01:06:07
74.989486,191.61021,"4c",1970-01-01 01:06:08
73.143139,193.6995,"4c",1970-01-01 01:06:09
75.556348,194.94659,"4c",1970-01-01 01:06:10
76.528109,197.11686,"4c",1970-01-01 01:06:11
74.908507,198.57451,"4c",1970-01-01 01:06:12
71.248203,199.36811,"4c",1970-01-01 01:06:13
70.082087,200.32368,"4c",1970-01-01 01:06:14
67.00484,202.96363,"4c",1970-01-01 01:06:15
65.417628,204.35649,"4c",1970-01-01 01:06:16
63.069205,205.50641,"4c",1970-01-01 01:06:17
60.96372,205.89512,"4c",1970-01-01 01:06:18
58.890627,205.26347,"4c",1970-01-01 01:06:19
56.752749,205.08531,"4c",1970-01-01 01:06:20
55.149342,206.98025,"4c",1970-01-01 01:06:21
51.650998,207.09362,"4c",1970-01-01 01:06:22
49.675082,207.93582,"4c",1970-01-01 01:06:23
45.204976,208.64844,"4c",1970-01-01 01:06:24
41.317927,207.67668,"4c",1970-01-01 01:06:25
40.135616,209.15052,"4c",1970-01-01 01:06:26
42.435454,209.08572,"4c",1970-01-01 01:06:27
45.609877,209.40965,"4c",1970-01-01 01:06:28
48.298419,209.10192,"4c",1970-01-01 01:06:29
49.707474,207.62808,"4c",1970-01-01 01:06:30
47.682969,205.13389,"4c",1970-01-01 01:06:31
48.508967,203.91919,"4c",1970-01-01 01:06:32
49.626494,202.97982,"4c",1970-01-01 01:06:33
50.144767,199.48147,"4c",1970-01-01 01:06:34
50.58206,197.47316,"4c",1970-01-01 01:06:35
47.164696,196.43662,"4c",1970-01-01 01:06:36
41.933376,196.1127,"4c",1970-01-01 01:06:37
38.030132,197.48936,"4c",1970-01-01 01:06:38
38.418837,198.73646,"4c",1970-01-01 01:06:39
38.467427,200.30747,"4c",1970-01-01 01:06:40
42.354475,199.90257,"4c",1970-01-01 01:06:41
47.601991,199.07657,"4c",1970-01-01 01:06:42
53.98323,196.97109,"4c",1970-01-01 01:06:43
61.368621,197.03589,"4c",1970-01-01 01:06:44
66.988647,196.06413,"4c",1970-01-01 01:06:45
67.458332,193.66712,"4c",1970-01-01 01:06:46
70.616558,189.90964,"4c",1970-01-01 01:06:47
72.997376,186.15216,"4c",1970-01-01 01:06:48
74.276864,182.05456,"4c",1970-01-01 01:06:49
76.99057,179.05088,"4c",1970-01-01 01:06:50
180.06151,161.48301,"4d",1970-01-01 01:06:51
177.24424,156.19203,"4d",1970-01-01 01:06:52
172.86945,156.26073,"4d",1970-01-01 01:06:53
168.86114,157.23418,"4d",1970-01-01 01:06:54
167.54412,157.79534,"4d",1970-01-01 01:06:55
165.52851,158.25343,"4d",1970-01-01 01:06:56
164.11987,156.99368,"4d",1970-01-01 01:06:57
162.23024,156.04314,"4d",1970-01-01 01:06:58
163.71904,155.60795,"4d",1970-01-01 01:06:59
166.57067,156.1462,"4d",1970-01-01 01:07:00
167.70445,155.68811,"4d",1970-01-01 01:07:01
169.53682,155.67671,"4d",1970-01-01 01:07:02
168.87259,157.19986,"4d",1970-01-01 01:07:03
167.48686,161.17382,"4d",1970-01-01 01:07:04
168.03657,164.2545,"4d",1970-01-01 01:07:05
167.76171,167.00305,"4d",1970-01-01 01:07:06
162.37912,161.47158,"4d",1970-01-01 01:07:07
159.87106,160.08585,"4d",1970-01-01 01:07:08
156.45827,160.20037,"4d",1970-01-01 01:07:09
152.85078,160.0744,"4d",1970-01-01 01:07:10
150.14804,160.45232,"4d",1970-01-01 01:07:11
146.97574,161.24254,"4d",1970-01-01 01:07:12
144.60511,163.20088,"4d",1970-01-01 01:07:13
140.23032,166.04106,"4d",1970-01-01 01:07:14
138.27197,167.93069,"4d",1970-01-01 01:07:15
136.65719,169.86614,"4d",1970-01-01 01:07:16
136.77172,173.30184,"4d",1970-01-01 01:07:17
130.10646,180.28775,"4d",1970-01-01 01:07:18
128.74364,182.83017,"4d",1970-01-01 01:07:19
128.64056,187.50272,"4d",1970-01-01 01:07:20
125.01018,192.5761,"4d",1970-01-01 01:07:21
121.37979,194.60317,"4d",1970-01-01 01:07:22
120.01696,196.63023,"4d",1970-01-01 01:07:23
117.84102,198.30227,"4d",1970-01-01 01:07:24
115.42458,200.18045,"4d",1970-01-01 01:07:25
113.66092,202.74577,"4d",1970-01-01 01:07:26
114.18773,205.95242,"4d",1970-01-01 01:07:27
116.043,208.68953,"4d",1970-01-01 01:07:28
119.14658,209.68588,"4d",1970-01-01 01:07:29
123.3954,210.89983,"4d",1970-01-01 01:07:30
127.86181,210.80823,"4d",1970-01-01 01:07:31
131.80141,208.98731,"4d",1970-01-01 01:07:32
137.4474,204.88737,"4d",1970-01-01 01:07:33
139.19961,203.87957,"4d",1970-01-01 01:07:34
142.94452,200.67292,"4d",1970-01-01 01:07:35
146.57491,197.50062,"4d",1970-01-01 01:07:36
149.03716,194.6948,"4d",1970-01-01 01:07:37
151.13294,191.59122,"4d",1970-01-01 01:07:38
156.95072,187.60581,"4d",1970-01-01 01:07:39
162.75705,183.42571,"4d",1970-01-01 01:07:40
163.40983,181.45591,"4d",1970-01-01 01:07:41
166.42179,177.52776,"4d",1970-01-01 01:07:42
168.9184,174.82502,"4d",1970-01-01 01:07:43
170.85384,171.11446,"4d",1970-01-01 01:07:44
172.51443,166.12125,"4d",1970-01-01 01:07:45
174.44987,163.18945,"4d",1970-01-01 01:07:46
176.93503,159.57052,"4d",1970-01-01 01:07:47
180.06151,161.48301,"4d",1970-01-01 01:07:48
-632.06605,35.089832,"7a",1970-01-01 01:07:49
-635.75464,32.812521,"7a",1970-01-01 01:07:50
-637.55084,31.272932,"7a",1970-01-01 01:07:51
-638.7376,26.878684,"7a",1970-01-01 01:07:52
-639.69984,24.793822,"7a",1970-01-01 01:07:53
-640.08475,20.495798,"7a",1970-01-01 01:07:54
-642.61864,18.090188,"7a",1970-01-01 01:07:55
-646.46762,18.667535,"7a",1970-01-01 01:07:56
-649.61094,16.807196,"7a",1970-01-01 01:07:57
-652.43355,14.818558,"7a",1970-01-01 01:07:58
-653.33162,12.412948,"7a",1970-01-01 01:07:59
-651.43922,12.733696,"7a",1970-01-01 01:08:00
-649.22606,13.086519,"7a",1970-01-01 01:08:01
-648.26382,16.133625,"7a",1970-01-01 01:08:02
-646.30725,15.460054,"7a",1970-01-01 01:08:03
-645.63368,13.182744,"7a",1970-01-01 01:08:04
-647.39778,13.311043,"7a",1970-01-01 01:08:05
-646.91667,8.4677476,"7a",1970-01-01 01:08:06
-646.98087,6.6074091,"7a",1970-01-01 01:08:07
-647.14123,4.4904723,"7a",1970-01-01 01:08:08
-647.01294,2.7584328,"7a",1970-01-01 01:08:09
-646.88464,-0.801870049999998,"7a",1970-01-01 01:08:10
-647.17333,-2.8546573,"7a",1970-01-01 01:08:11
-645.0243,-2.8546573,"7a",1970-01-01 01:08:12
-643.90167,-2.9508813,"7a",1970-01-01 01:08:13
-641.56022,-3.3037043,"7a",1970-01-01 01:08:14
-641.0791,-4.9715939,"7a",1970-01-01 01:08:15
-638.70557,-7.5375781,"7a",1970-01-01 01:08:16
-643.22812,-9.5582904,"7a",1970-01-01 01:08:17
-643.83754,-12.733696,"7a",1970-01-01 01:08:18
-641.56022,-11.065806,"7a",1970-01-01 01:08:19
-637.0056,-10.745058,"7a",1970-01-01 01:08:20
-634.47169,-10.456385,"7a",1970-01-01 01:08:21
-634.31132,-11.482779,"7a",1970-01-01 01:08:22
-631.55288,-10.039413,"7a",1970-01-01 01:08:23
-628.95483,-7.0885307,"7a",1970-01-01 01:08:24
-628.73031,-5.0036686,"7a",1970-01-01 01:08:25
-621.96253,-2.9508813,"7a",1970-01-01 01:08:26
-626.54921,3.2716302,"7a",1970-01-01 01:08:27
-624.88133,6.0942128,"7a",1970-01-01 01:08:28
-623.63041,8.147,"7a",1970-01-01 01:08:29
-622.41155,11.835602,"7a",1970-01-01 01:08:30
-615.03436,11.001657,"7a",1970-01-01 01:08:31
-611.69858,10.199787,"7a",1970-01-01 01:08:32
-608.71564,9.9752637,"7a",1970-01-01 01:08:33
-606.75907,10.167712,"7a",1970-01-01 01:08:34
-604.35345,11.450704,"7a",1970-01-01 01:08:35
-603.93647,14.273287,"7a",1970-01-01 01:08:36
-605.9572,16.422298,"7a",1970-01-01 01:08:37
-606.11756,17.448692,"7a",1970-01-01 01:08:38
-605.34778,19.758078,"7a",1970-01-01 01:08:39
-602.68557,22.548586,"7a",1970-01-01 01:08:40
-600.92146,25.11457,"7a",1970-01-01 01:08:41
-599.67054,27.135283,"7a",1970-01-01 01:08:42
-598.00263,29.476742,"7a",1970-01-01 01:08:43
-596.014,29.957866,"7a",1970-01-01 01:08:44
-597.87433,27.680555,"7a",1970-01-01 01:08:45
-532.69832,37.976566,"7b",1970-01-01 01:08:46
-534.68695,36.116228,"7b",1970-01-01 01:08:47
-535.3926,29.861639,"7b",1970-01-01 01:08:48
-536.16238,25.85229,"7b",1970-01-01 01:08:49
-536.16238,21.971239,"7b",1970-01-01 01:08:50
-533.94922,18.988283,"7b",1970-01-01 01:08:51
-534.3662,16.390224,"7b",1970-01-01 01:08:52
-527.40596,13.76009,"7b",1970-01-01 01:08:53
-524.55129,14.850633,"7b",1970-01-01 01:08:54
-535.03977,13.856314,"7b",1970-01-01 01:08:55
-543.3792,12.797846,"7b",1970-01-01 01:08:56
-549.98662,12.477098,"7b",1970-01-01 01:08:57
-552.13564,12.445028,"7b",1970-01-01 01:08:58
-553.61106,12.573327,"7b",1970-01-01 01:08:59
-549.24891,16.229855,"7b",1970-01-01 01:09:00
-543.25091,19.309036,"7b",1970-01-01 01:09:01
-545.23954,20.399579,"7b",1970-01-01 01:09:02
-542.35283,23.061787,"7b",1970-01-01 01:09:03
-540.68492,29.027701,"7b",1970-01-01 01:09:04
-538.60006,31.914433,"7b",1970-01-01 01:09:05
-535.071839999999,36.020006,"7b",1970-01-01 01:09:06
-538.76045,31.529535,"7b",1970-01-01 01:09:07
-541.00568,27.456034,"7b",1970-01-01 01:09:08
-541.80755,23.446685,"7b",1970-01-01 01:09:09
-543.31507,19.180736,"7b",1970-01-01 01:09:10
-544.05278,15.299685,"7b",1970-01-01 01:09:11
-543.50753,12.894075,"7b",1970-01-01 01:09:12
-543.25091,11.226185,"7b",1970-01-01 01:09:13
-542.801859999999,8.3073786,"7b",1970-01-01 01:09:14
-543.667889999999,4.7470758,"7b",1970-01-01 01:09:15
-546.009349999999,4.2338788,"7b",1970-01-01 01:09:16
-545.464069999999,-1.3471367,"7b",1970-01-01 01:09:17
-545.496169999999,-3.6244477,"7b",1970-01-01 01:09:18
-543.507539999999,-5.0357389,"7b",1970-01-01 01:09:19
-541.839629999999,-6.5111796,"7b",1970-01-01 01:09:20
-542.032089999999,-15.620423,"7b",1970-01-01 01:09:21
-626.48501,106.84116,"7c",1970-01-01 01:09:22
-627.35105,107.67511,"7c",1970-01-01 01:09:23
-630.04533,107.03361,"7c",1970-01-01 01:09:24
-631.68114,108.06001,"7c",1970-01-01 01:09:25
-635.24145,108.28453,"7c",1970-01-01 01:09:26
-638.89797,108.66943,"7c",1970-01-01 01:09:27
-640.7904,110.01657,"7c",1970-01-01 01:09:28
-639.6357,110.11277,"7c",1970-01-01 01:09:29
-639.02626,110.62597,"7c",1970-01-01 01:09:30
-635.01693,111.68444,"7c",1970-01-01 01:09:31
-635.78673,110.65804,"7c",1970-01-01 01:09:32
-635.94709,109.47128,"7c",1970-01-01 01:09:33
-633.28488,110.30522,"7c",1970-01-01 01:09:34
-631.7453,112.32594,"7c",1970-01-01 01:09:35
-630.52644,112.58253,"7c",1970-01-01 01:09:36
-626.51711,114.25042,"7c",1970-01-01 01:09:37
-625.77937,115.11644,"7c",1970-01-01 01:09:38
-619.6531,114.18627,"7c",1970-01-01 01:09:39
-615.6758,109.79203,"7c",1970-01-01 01:09:40
-613.52681,104.21101,"7c",1970-01-01 01:09:41
-610.51177,99.496015,"7c",1970-01-01 01:09:42
-609.87029,96.32061,"7c",1970-01-01 01:09:43
-611.12119,91.445239,"7c",1970-01-01 01:09:44
-611.98722,87.115142,"7c",1970-01-01 01:09:45
-611.40987,83.811436,"7c",1970-01-01 01:09:46
-611.05705,80.475656,"7c",1970-01-01 01:09:47
-610.83253,77.107804,"7c",1970-01-01 01:09:48
-610.28725,75.343689,"7c",1970-01-01 01:09:49
-611.18535,74.188995,"7c",1970-01-01 01:09:50
-612.94946,72.553182,"7c",1970-01-01 01:09:51
-614.71357,71.398487,"7c",1970-01-01 01:09:52
-615.19469,69.890974,"7c",1970-01-01 01:09:53
-614.97016,68.287234,"7c",1970-01-01 01:09:54
-614.84186,66.041995,"7c",1970-01-01 01:09:55
-615.19469,64.630705,"7c",1970-01-01 01:09:56
-615.96449,63.892986,"7c",1970-01-01 01:09:57
-616.89466,61.26285,"7c",1970-01-01 01:09:58
-617.66447,60.172307,"7c",1970-01-01 01:09:59
-619.39651,58.825167,"7c",1970-01-01 01:10:00
-620.29458,57.349726,"7c",1970-01-01 01:10:01
-619.68517,55.425237,"7c",1970-01-01 01:10:02
-519.16274,116.20701,"7d",1970-01-01 01:10:03
-522.01741,117.26547,"7d",1970-01-01 01:10:04
-524.80791,116.78435,"7d",1970-01-01 01:10:05
-521.92118,110.52977,"7d",1970-01-01 01:10:06
-523.46076,105.911,"7d",1970-01-01 01:10:07
-522.88341,103.47331,"7d",1970-01-01 01:10:08
-531.35117,99.945083,"7d",1970-01-01 01:10:09
-533.98131,93.401823,"7d",1970-01-01 01:10:10
-533.56433,86.505739,"7d",1970-01-01 01:10:11
-532.95491,82.785063,"7d",1970-01-01 01:10:12
-537.73405,82.752983,"7d",1970-01-01 01:10:13
-543.3792,83.683152,"7d",1970-01-01 01:10:14
-547.96592,84.677477,"7d",1970-01-01 01:10:15
-549.69796,91.316961,"7d",1970-01-01 01:10:16
-549.21684,102.89596,"7d",1970-01-01 01:10:17
-548.73571,104.11481,"7d",1970-01-01 01:10:18
-542.35283,107.38644,"7d",1970-01-01 01:10:19
-542.22453,107.57889,"7d",1970-01-01 01:10:20
-555.18275,107.70719,"7d",1970-01-01 01:10:21
-553.29034,111.74861,"7d",1970-01-01 01:10:22
-555.3752,107.67511,"7d",1970-01-01 01:10:23
-545.11126,113.57687,"7d",1970-01-01 01:10:24
-549.69796,114.21837,"7d",1970-01-01 01:10:25
-553.51486,115.43721,"7d",1970-01-01 01:10:26
-555.5035,107.67511,"7d",1970-01-01 01:10:27
-552.29602,105.3978,"7d",1970-01-01 01:10:28
-549.21684,102.96011,"7d",1970-01-01 01:10:29
-537.73406,101.67712,"7d",1970-01-01 01:10:30
-533.05114,103.31294,"7d",1970-01-01 01:10:31
-537.66991,103.53746,"7d",1970-01-01 01:10:32
-551.23755,102.41484,"7d",1970-01-01 01:10:33
-553.48278,103.95443,"7d",1970-01-01 01:10:34
-555.59972,106.48834,"7d",1970-01-01 01:10:35
-556.33744,105.36572,"7d",1970-01-01 01:10:36
-556.85064,100.36206,"7d",1970-01-01 01:10:37
-563.2656,100.20168,"7d",1970-01-01 01:10:38
-564.48444,98.05267,"7d",1970-01-01 01:10:39
-569.13529,92.760328,"7d",1970-01-01 01:10:40
-566.21648,90.643391,"7d",1970-01-01 01:10:41
-559.38455,93.690497,"7d",1970-01-01 01:10:42
-559.577,99.431886,"7d",1970-01-01 01:10:43
-555.98462,106.74494,"7d",1970-01-01 01:10:44
-556.91479,99.399812,"7d",1970-01-01 01:10:45
-564.29199,92.37543,"7d",1970-01-01 01:10:46
-566.34478,90.611316,"7d",1970-01-01 01:10:47
-568.07682,90.450942,"7d",1970-01-01 01:10:48
-570.83525,89.873595,"7d",1970-01-01 01:10:49
-572.75974,88.783052,"7d",1970-01-01 01:10:50
-566.18441,87.692509,"7d",1970-01-01 01:10:51
-551.36585,84.035981,"7d",1970-01-01 01:10:52
-550.6602,78.519115,"7d",1970-01-01 01:10:53
-549.63381,75.375785,"7d",1970-01-01 01:10:54
-551.5583,66.266541,"7d",1970-01-01 01:10:55
-535.84164,64.245829,"7d",1970-01-01 01:10:56
-521.98533,63.18736,"7d",1970-01-01 01:10:57
-523.87774,67.19671,"7d",1970-01-01 01:10:58
-522.0174,71.3343599999999,"7d",1970-01-01 01:10:59
-512.84401,76.3701039999999,"7d",1970-01-01 01:11:00
-511.84969,80.9567999999999,"7d",1970-01-01 01:11:01
-517.71938,84.1963549999999,"7d",1970-01-01 01:11:02
-517.39863,86.7623399999999,"7d",1970-01-01 01:11:03
-519.45142,87.7245839999999,"7d",1970-01-01 01:11:04
-530.2927,92.3754299999999,"7d",1970-01-01 01:11:05
-534.30205,92.9848509999999,"7d",1970-01-01 01:11:06
-532.92284,103.56954,"7d",1970-01-01 01:11:07
-535.58504,109.66375,"7d",1970-01-01 01:11:08
-542.16038,107.16191,"7d",1970-01-01 01:11:09
-537.60576,110.01657,"7d",1970-01-01 01:11:10
